EmployeeID,SkillName,CurrentProficiency,YearsExperience
1,Tax Compliance,3,3.0
1,Financial Auditing,4,5.9
1,Excel & Financial Modeling,4,2.8
1,Accounting,5,7.2
2,Market Analysis,4,5.9
2,CRM Management,2,9.7
2,B2B Sales,3,3.9
3,Customer Troubleshooting,3,4.6
3,Active Directory,5,9.6
3,Hardware Diagnostics,3,4.6
3,SLA Management,3,6.7
3,Network Basics,4,10.0
3,ServiceNow / ITSM,4,6.1
4,HR Policies & Compliance,5,7.7
4,Talent Acquisition,5,8.4
4,Conflict Resolution,4,8.5
4,HRIS Management,2,4.2
4,Employee Onboarding,2,5.0
5,Strategic Account Planning,3,2.4
5,Upselling & Cross-selling,2,3.3
5,Client Retention,3,2.9
5,Contract Negotiation,2,2.5
6,SLA Management,4,3.5
6,Network Basics,2,3.4
6,ServiceNow / ITSM,3,5.2
6,Hardware Diagnostics,4,5.8
7,Monitoring & Logging,3,4.3
7,Docker & Kubernetes,3,2.2
7,Linux Administration,3,2.2
7,CI/CD Pipelines,4,3.4
7,Cloud Infrastructure (AWS/GCP),4,5.9
8,Talent Acquisition,5,7.1
8,Payroll Coordination,4,7.4
8,Employee Onboarding,4,3.7
8,Performance Management,4,5.6
8,HR Policies & Compliance,4,7.5
9,Employee Onboarding,2,9.1
9,HR Policies & Compliance,3,6.5
9,Conflict Resolution,3,7.5
10,Accounts Payable / Receivable,5,6.3
10,Payroll Management,3,6.7
10,QuickBooks / SAP,3,4.5
10,Financial Statements,4,8.4
11,Talent Acquisition,3,7.4
11,Performance Management,3,6.8
11,Conflict Resolution,4,6.2
12,Technical Support,4,6.1
12,Customer Troubleshooting,4,5.7
13,Payroll Management,5,4.1
13,Financial Statements,3,3.5
13,QuickBooks / SAP,4,3.2
13,Reconciliation,4,2.2
13,Tax Preparation,2,4.2
13,Accounts Payable / Receivable,5,3.4
14,Executive Leadership,3,10.9
14,Organizational Development,4,4.0
14,Employee Engagement,3,9.1
14,Budgeting,2,5.2
14,HR Strategy,4,9.3
15,JavaScript / React,4,4.5
15,Microservices Architecture,2,3.6
15,REST APIs,3,3.1
15,SQL & Database Design,5,3.8
15,Git Version Control,4,4.8
16,Link Building,2,3.4
16,Google Analytics / Search Console,3,4.3
16,Keyword Research,5,4.2
16,Competitor SEO Analysis,3,1.5
17,Log Analysis,3,8.9
17,Cloud Monitoring,3,4.4
17,Customer Communication,4,9.5
17,Scripting (Python/Bash),4,7.1
17,L2/L3 Technical Troubleshooting,2,7.4
17,Incident Management,5,4.2
18,API Testing (Postman),3,8.3
18,Performance Testing (JMeter),3,10.0
18,Bug Lifecycle Management,2,4.5
18,Selenium / Playwright,4,6.2
18,Test Automation,2,8.1
19,Network Basics,5,12.1
19,Hardware Diagnostics,4,6.8
19,Customer Troubleshooting,2,7.2
19,Technical Support,4,7.4
20,Database Querying (SQL),4,3.8
20,L2/L3 Technical Troubleshooting,3,8.8
20,Log Analysis,4,3.2
20,Scripting (Python/Bash),3,5.6
20,Cloud Monitoring,4,4.5
20,Incident Management,3,3.5
21,Scripting (Python/Bash),4,1.4
21,Database Querying (SQL),3,1.7
21,Cloud Monitoring,4,1.3
22,Pipeline Forecasting,2,4.5
22,Relationship Management,4,10.1
22,Client Negotiation,3,5.0
23,Test Automation,4,2.7
23,QA Testing,2,5.2
23,API Testing (Postman),4,3.7
24,Performance Testing (JMeter),4,1.6
24,CI/CD Quality Gates,4,1.7
24,Test Automation,4,2.6
24,Bug Lifecycle Management,3,2.6
24,API Testing (Postman),5,1.3
24,QA Testing,2,1.1
25,SEO & Keyword Strategy,3,1.9
25,Content Strategy,4,3.4
25,Brand Storytelling,4,3.7
26,Technical SEO Auditing,4,1.0
26,Content Strategy,5,1.6
26,Google Analytics / Search Console,3,1.5
27,Relationship Management,2,3.7
27,CRM Management,5,8.9
27,Lead Generation,3,9.6
27,Client Negotiation,4,6.5
27,B2B Sales,3,3.8
28,Copywriting & Editing,2,2.4
28,Social Media Management,2,2.5
28,Content Strategy,3,3.3
28,SEO & Keyword Strategy,3,1.5
29,Accounts Payable / Receivable,4,10.9
29,General Ledger,2,5.3
29,Financial Statements,5,7.9
29,Tax Preparation,3,11.8
30,Customer Communication,3,7.1
30,L2/L3 Technical Troubleshooting,2,7.0
30,Scripting (Python/Bash),2,4.5
31,JavaScript / React,4,1.7
31,Docker,5,1.2
31,Microservices Architecture,5,1.3
31,REST APIs,4,2.5
31,Python,5,1.4
32,Brand Storytelling,3,3.7
32,SEO & Keyword Strategy,5,4.4
32,Copywriting & Editing,2,2.7
32,Content Marketing,3,2.5
33,Performance Testing (JMeter),3,6.9
33,Test Automation,2,5.6
33,QA Testing,3,7.9
33,Bug Lifecycle Management,3,4.6
34,Python / Go,2,4.2
34,Linux Administration,4,7.1
34,Systems Architecture,3,5.3
34,CI/CD Pipelines,3,7.1
34,Monitoring & Logging,4,6.4
34,Docker & Kubernetes,3,4.4
35,Technical SEO Auditing,4,2.9
35,Competitor SEO Analysis,4,2.1
35,Keyword Research,3,1.7
35,Google Analytics / Search Console,3,1.9
35,Link Building,3,3.3
36,Risk Assessment,4,3.8
36,Excel & Financial Modeling,3,2.2
36,Internal Controls,4,4.7
36,Regulatory Reporting,4,3.0
36,Accounting,3,2.2
37,Social Media Management,3,5.1
37,Content Marketing,3,3.7
37,Content Strategy,4,4.7
37,Brand Storytelling,3,4.8
38,Financial Statements,4,8.6
38,General Ledger,4,8.1
38,QuickBooks / SAP,4,6.1
38,Tax Preparation,4,8.2
39,Excel & Financial Modeling,3,7.1
39,Tax Compliance,2,8.8
39,Accounting,4,7.2
39,Regulatory Reporting,4,5.3
39,Risk Assessment,3,6.9
39,Financial Auditing,2,8.2
40,Risk Assessment,4,5.3
40,Regulatory Reporting,3,6.8
40,Excel & Financial Modeling,3,8.7
41,Customer Success,4,7.3
41,Key Account Management,4,2.9
41,Client Retention,4,4.6
41,Contract Negotiation,3,3.3
42,Brand Storytelling,3,3.5
42,SEO & Keyword Strategy,3,4.1
42,Analytics & Reporting,3,3.9
42,Content Marketing,4,3.8
43,SEO & Keyword Strategy,3,13.4
43,Content Strategy,4,6.6
43,Analytics & Reporting,3,5.9
43,Copywriting & Editing,3,5.9
44,Docker & Kubernetes,4,12.6
44,Cloud Infrastructure (AWS/GCP),4,9.0
44,Linux Administration,5,4.2
45,Reconciliation,3,5.6
45,QuickBooks / SAP,3,6.2
45,Tax Preparation,4,2.9
45,Accounts Payable / Receivable,4,4.3
45,Financial Statements,4,5.3
46,SQL & Database Design,3,5.7
46,Microservices Architecture,4,3.8
46,JavaScript / React,4,3.2
46,Python,3,2.7
46,Docker,3,5.3
46,REST APIs,4,7.0
47,Contract Negotiation,5,5.1
47,Client Retention,2,5.4
47,Strategic Account Planning,4,5.3
47,Customer Success,4,5.6
47,Key Account Management,3,3.1
48,Market Analysis,3,4.0
48,Lead Generation,3,5.2
48,CRM Management,4,3.1
49,Technical Support,4,1.6
49,Customer Troubleshooting,4,2.4
49,Hardware Diagnostics,4,2.6
49,Network Basics,5,3.0
50,CI/CD Quality Gates,4,0.7
50,Test Automation,4,1.1
50,QA Testing,3,1.3
51,Market Analysis,4,6.4
51,B2B Sales,4,6.6
51,CRM Management,4,8.8
51,Client Negotiation,3,4.4
52,Scripting (Python/Bash),4,9.2
52,Database Querying (SQL),3,11.9
52,Incident Management,4,4.4
52,L2/L3 Technical Troubleshooting,4,10.7
53,Technical SEO Auditing,3,1.6
53,Google Analytics / Search Console,3,3.2
53,Competitor SEO Analysis,3,1.9
54,Regulatory Reporting,4,5.2
54,Risk Assessment,3,11.5
54,Excel & Financial Modeling,5,8.1
54,Tax Compliance,3,11.9
55,Accounts Payable / Receivable,3,3.1
55,QuickBooks / SAP,3,1.7
55,Reconciliation,3,2.4
55,Financial Statements,5,2.3
55,Tax Preparation,4,3.3
56,Python,3,2.9
56,JavaScript / React,2,4.1
56,SQL & Database Design,4,2.4
57,REST APIs,3,2.5
57,Docker,4,5.2
57,Microservices Architecture,3,2.8
57,Git Version Control,4,3.3
58,Hardware Diagnostics,3,10.1
58,Customer Troubleshooting,3,9.0
59,Content Strategy,3,1.4
59,Google Analytics / Search Console,4,0.9
59,Search Engine Optimization,2,1.3
60,Performance Management,3,5.2
60,Talent Acquisition,3,5.4
60,Employee Onboarding,3,5.0
60,HR Policies & Compliance,3,3.8
60,HRIS Management,5,6.1
61,Organizational Development,4,6.8
61,Succession Planning,3,3.8
61,Budgeting,4,8.9
61,Employee Engagement,4,4.0
61,Labor Law & Compliance,3,3.1
62,Bug Lifecycle Management,2,1.9
62,CI/CD Quality Gates,5,4.1
62,Test Automation,4,3.3
62,API Testing (Postman),4,2.0
63,Labor Law & Compliance,3,4.6
63,HR Strategy,4,4.4
63,Organizational Development,4,7.3
63,Succession Planning,5,9.5
64,ServiceNow / ITSM,2,2.7
64,Customer Troubleshooting,4,2.0
64,Technical Support,3,3.9
64,Hardware Diagnostics,3,4.6
65,Strategic Account Planning,2,3.6
65,Client Retention,5,3.6
65,Contract Negotiation,3,5.9
65,Upselling & Cross-selling,4,10.5
66,Copywriting & Editing,4,2.9
66,Content Strategy,4,3.6
66,Content Marketing,5,2.8
66,Analytics & Reporting,4,1.3
67,CRM Management,2,1.4
67,Relationship Management,3,1.7
67,Pipeline Forecasting,5,1.7
67,Market Analysis,3,1.6
68,Lead Generation,4,8.7
68,Client Negotiation,3,7.6
68,Relationship Management,4,11.0
68,Pipeline Forecasting,4,9.8
68,CRM Management,4,8.6
69,Strategic Account Planning,4,8.0
69,Key Account Management,5,10.1
69,Contract Negotiation,5,6.6
70,Accounts Payable / Receivable,3,6.1
70,QuickBooks / SAP,4,3.0
70,Payroll Management,3,4.8
70,Financial Statements,4,7.3
71,HRIS Management,4,3.2
71,Employee Onboarding,4,6.2
71,HR Policies & Compliance,4,4.6
71,Conflict Resolution,5,6.3
71,Performance Management,4,2.4
72,Brand Storytelling,3,5.8
72,Content Strategy,4,7.1
72,Social Media Management,2,12.3
73,JavaScript / React,2,3.3
73,Docker,4,2.3
73,Python,3,1.9
73,SQL & Database Design,3,1.3
73,Git Version Control,4,1.3
74,Market Analysis,2,0.9
74,Lead Generation,4,0.7
74,Relationship Management,4,1.2
74,B2B Sales,3,1.3
74,CRM Management,4,1.0
75,JavaScript / React,3,5.5
75,Git Version Control,3,9.4
75,Microservices Architecture,3,7.9
76,Succession Planning,4,4.4
76,Employee Engagement,4,8.8
76,Budgeting,4,3.3
76,Organizational Development,3,7.4
76,Executive Leadership,5,7.5
76,Labor Law & Compliance,3,7.5
77,CRM Management,3,4.9
77,Lead Generation,4,9.3
77,Relationship Management,3,9.2
78,B2B Sales,5,2.6
78,Lead Generation,4,1.1
78,Pipeline Forecasting,4,0.9
78,Relationship Management,2,1.5
79,Content Marketing,3,1.6
79,SEO & Keyword Strategy,4,2.9
79,Brand Storytelling,3,1.4
79,Content Strategy,4,2.8
79,Social Media Management,3,3.5
80,Employee Engagement,3,5.4
80,HR Strategy,3,8.1
80,Budgeting,4,4.6
80,Executive Leadership,4,8.0
80,Succession Planning,4,6.4
80,Labor Law & Compliance,4,4.4
81,SLA Management,5,7.4
81,Customer Troubleshooting,4,6.5
81,Technical Support,3,4.1
81,Hardware Diagnostics,4,6.1
82,Systems Architecture,3,1.5
82,Linux Administration,2,2.7
82,CI/CD Pipelines,3,3.3
83,Microservices Architecture,3,1.8
83,SQL & Database Design,4,1.6
83,Git Version Control,3,2.1
83,JavaScript / React,3,3.8
83,REST APIs,5,1.7
84,Accounting,5,1.7
84,Excel & Financial Modeling,4,3.2
84,Risk Assessment,2,2.8
85,Market Analysis,4,2.5
85,CRM Management,4,1.7
85,Lead Generation,4,3.1
85,Pipeline Forecasting,4,2.9
86,Market Analysis,4,3.5
86,Lead Generation,5,4.0
86,B2B Sales,3,6.2
86,Relationship Management,4,4.8
86,Pipeline Forecasting,4,5.9
87,Incident Management,3,2.9
87,L2/L3 Technical Troubleshooting,4,3.7
87,Customer Communication,4,2.8
88,Content Marketing,2,6.4
88,Analytics & Reporting,4,7.9
88,Social Media Management,4,8.3
88,Brand Storytelling,5,5.6
88,SEO & Keyword Strategy,3,6.4
88,Content Strategy,3,9.6
89,Search Engine Optimization,3,8.9
89,Keyword Research,3,4.9
89,Content Strategy,4,6.2
89,Competitor SEO Analysis,4,5.7
90,Internal Controls,3,1.5
90,Excel & Financial Modeling,3,1.8
90,Regulatory Reporting,3,0.9
90,Risk Assessment,2,0.8
91,CI/CD Quality Gates,4,1.6
91,Selenium / Playwright,3,1.3
91,Test Automation,4,2.8
91,Performance Testing (JMeter),3,3.2
91,API Testing (Postman),4,2.6
92,QuickBooks / SAP,5,0.6
92,Tax Preparation,3,1.1
92,Accounts Payable / Receivable,5,1.0
93,Strategic Account Planning,2,2.0
93,Key Account Management,5,2.6
94,Technical Support,4,2.0
94,ServiceNow / ITSM,3,3.7
94,Customer Troubleshooting,3,2.2
95,Cloud Monitoring,5,4.6
95,Customer Communication,5,5.6
95,Scripting (Python/Bash),4,4.5
96,SEO & Keyword Strategy,4,5.0
96,Copywriting & Editing,3,5.1
96,Brand Storytelling,4,10.6
96,Content Marketing,5,7.9
97,Executive Leadership,3,1.6
97,Succession Planning,4,1.6
97,Labor Law & Compliance,3,1.3
97,Organizational Development,3,1.3
98,Brand Storytelling,5,8.1
98,Social Media Management,5,7.9
98,Content Marketing,3,3.9
98,SEO & Keyword Strategy,4,4.5
98,Content Strategy,3,5.4
99,Employee Onboarding,4,4.1
99,Talent Acquisition,5,8.3
99,HRIS Management,3,5.0
99,Payroll Coordination,3,5.0
99,Performance Management,3,8.0
100,Key Account Management,4,3.2
100,Client Retention,5,4.8
100,Customer Success,4,2.2
100,Strategic Account Planning,4,4.7
100,Upselling & Cross-selling,3,2.9
101,Labor Law & Compliance,3,3.3
101,Executive Leadership,4,6.7
101,Organizational Development,4,8.5
101,Budgeting,4,4.5
101,HR Strategy,3,9.3
101,Employee Engagement,4,7.0
102,HR Policies & Compliance,4,8.0
102,Performance Management,4,5.6
102,Conflict Resolution,4,11.4
102,Talent Acquisition,3,5.0
102,Employee Onboarding,2,9.6
103,Upselling & Cross-selling,3,5.1
103,Customer Success,4,7.8
103,Contract Negotiation,3,6.2
104,Incident Management,4,4.9
104,Database Querying (SQL),3,4.6
104,L2/L3 Technical Troubleshooting,4,5.1
104,Customer Communication,4,6.3
105,Link Building,3,2.3
105,Content Strategy,3,3.6
105,Competitor SEO Analysis,5,4.0
106,Financial Statements,3,3.8
106,General Ledger,3,5.6
106,Tax Preparation,2,3.4
107,Git Version Control,4,9.9
107,Python,3,9.1
107,JavaScript / React,2,5.9
107,Docker,4,10.6
108,Payroll Coordination,3,3.7
108,Employee Onboarding,3,3.1
108,HR Policies & Compliance,4,5.6
109,L2/L3 Technical Troubleshooting,4,3.0
109,Incident Management,5,2.6
109,Log Analysis,4,3.7
109,Cloud Monitoring,4,5.7
109,Customer Communication,4,5.4
110,Python,5,8.9
110,SQL & Database Design,4,4.9
110,Git Version Control,4,11.1
110,Docker,3,8.6
111,ServiceNow / ITSM,2,1.3
111,Customer Troubleshooting,3,3.5
111,Hardware Diagnostics,4,3.5
111,Network Basics,3,1.9
112,Systems Architecture,3,8.0
112,Monitoring & Logging,4,6.2
112,Linux Administration,3,8.9
113,JavaScript / React,4,5.1
113,SQL & Database Design,3,7.9
113,Git Version Control,4,7.5
114,ServiceNow / ITSM,4,1.6
114,Technical Support,3,1.4
114,Customer Troubleshooting,3,1.2
115,Contract Negotiation,2,1.4
115,Key Account Management,4,1.1
115,Upselling & Cross-selling,4,1.3
116,Customer Troubleshooting,3,5.9
116,Technical Support,3,11.1
116,SLA Management,3,7.9
117,Keyword Research,3,9.3
117,Google Analytics / Search Console,3,5.9
117,Competitor SEO Analysis,4,4.2
117,Technical SEO Auditing,5,7.5
117,Link Building,4,9.0
118,Employee Onboarding,4,3.9
118,Performance Management,2,8.8
118,Payroll Coordination,2,4.1
118,Talent Acquisition,2,10.5
119,Accounting,3,1.6
119,Financial Auditing,4,2.4
119,Excel & Financial Modeling,2,1.7
120,Pipeline Forecasting,3,10.0
120,Market Analysis,4,10.3
120,Lead Generation,4,4.9
120,CRM Management,5,11.7
120,Client Negotiation,3,13.3
121,Microservices Architecture,5,5.2
121,Python,3,6.7
121,Git Version Control,3,8.0
121,Docker,5,5.3
121,REST APIs,3,5.0
122,Cloud Monitoring,4,4.8
122,Log Analysis,5,8.2
122,Database Querying (SQL),4,4.5
123,Risk Assessment,3,5.0
123,Financial Auditing,2,6.2
123,Internal Controls,3,2.7
123,Regulatory Reporting,3,3.8
123,Tax Compliance,4,5.2
124,Cloud Infrastructure (AWS/GCP),3,1.9
124,CI/CD Pipelines,4,2.2
124,Python / Go,4,1.4
125,Accounts Payable / Receivable,4,7.1
125,Reconciliation,3,6.2
125,Payroll Management,4,8.1
125,Tax Preparation,4,8.0
125,QuickBooks / SAP,2,7.5
126,SQL & Database Design,3,5.5
126,Git Version Control,4,3.4
126,JavaScript / React,3,5.6
126,Python,2,3.3
126,REST APIs,2,3.2
127,B2B Sales,3,6.1
127,Market Analysis,4,4.6
127,CRM Management,3,9.2
127,Client Negotiation,4,4.4
128,Performance Management,4,3.1
128,HR Policies & Compliance,3,1.9
128,Talent Acquisition,4,2.2
129,Scripting (Python/Bash),3,5.5
129,Cloud Monitoring,3,3.3
129,Log Analysis,4,7.2
129,Incident Management,4,6.0
129,L2/L3 Technical Troubleshooting,5,3.4
130,API Testing (Postman),3,6.1
130,CI/CD Quality Gates,3,3.9
130,Performance Testing (JMeter),4,5.6
131,ServiceNow / ITSM,5,8.5
131,Technical Support,4,3.0
131,Active Directory,2,4.4
131,SLA Management,3,5.4
132,Performance Management,5,3.1
132,Talent Acquisition,3,5.3
133,Accounting,4,3.0
133,Regulatory Reporting,3,4.6
133,Financial Auditing,2,2.7
134,Labor Law & Compliance,3,9.8
134,HR Strategy,3,8.1
134,Succession Planning,3,5.5
135,SEO & Keyword Strategy,3,4.9
135,Brand Storytelling,4,8.8
135,Analytics & Reporting,5,6.1
135,Copywriting & Editing,3,8.8
135,Social Media Management,4,8.8
135,Content Strategy,4,6.1
136,Competitor SEO Analysis,3,1.4
136,Keyword Research,4,0.7
136,Technical SEO Auditing,4,1.6
137,Accounting,4,5.5
137,Excel & Financial Modeling,3,7.4
137,Risk Assessment,4,7.4
137,Financial Auditing,3,5.1
137,Tax Compliance,5,6.9
138,Cloud Infrastructure (AWS/GCP),3,9.2
138,Python / Go,5,5.1
138,Systems Architecture,4,5.7
138,Docker & Kubernetes,4,7.8
139,Python,3,2.7
139,REST APIs,3,3.4
139,Git Version Control,3,2.4
139,SQL & Database Design,4,1.3
140,Key Account Management,2,2.5
140,Upselling & Cross-selling,4,1.8
140,Strategic Account Planning,5,1.7
140,Customer Success,5,2.1
141,Selenium / Playwright,4,7.3
141,Bug Lifecycle Management,4,3.5
141,API Testing (Postman),4,4.1
141,QA Testing,4,7.9
141,Performance Testing (JMeter),4,7.3
142,Strategic Account Planning,4,3.5
142,Upselling & Cross-selling,3,5.1
142,Customer Success,4,2.5
142,Client Retention,3,2.7
143,Hardware Diagnostics,5,4.1
143,Customer Troubleshooting,3,4.2
143,ServiceNow / ITSM,3,4.3
143,Network Basics,2,2.4
143,Active Directory,4,2.6
144,Strategic Account Planning,3,1.4
144,Client Retention,4,2.2
144,Upselling & Cross-selling,4,3.4
144,Key Account Management,3,3.1
145,L2/L3 Technical Troubleshooting,3,2.1
145,Scripting (Python/Bash),3,2.2
146,Succession Planning,4,10.1
146,Organizational Development,4,12.4
147,Strategic Account Planning,3,7.2
147,Customer Success,4,3.6
147,Client Retention,3,3.1
147,Upselling & Cross-selling,3,4.8
148,Client Retention,4,9.1
148,Customer Success,3,5.5
148,Upselling & Cross-selling,5,7.4
149,L2/L3 Technical Troubleshooting,4,7.6
149,Cloud Monitoring,3,4.8
149,Log Analysis,3,8.2
150,Social Media Management,3,5.6
150,Analytics & Reporting,4,6.6
150,Brand Storytelling,4,5.7
150,SEO & Keyword Strategy,4,6.8
150,Content Marketing,4,7.2
151,Talent Acquisition,5,4.0
151,Payroll Coordination,4,3.6
151,Employee Onboarding,4,2.1
152,Key Account Management,3,2.9
152,Strategic Account Planning,3,3.4
152,Client Retention,3,2.8
153,Bug Lifecycle Management,3,2.0
153,API Testing (Postman),4,2.6
153,Test Automation,4,1.9
153,Selenium / Playwright,5,2.2
154,Technical SEO Auditing,4,8.1
154,Google Analytics / Search Console,3,4.2
154,Content Strategy,3,5.0
155,HR Policies & Compliance,5,5.9
155,Payroll Coordination,4,2.4
155,Employee Onboarding,4,6.4
155,Performance Management,2,6.6
155,Talent Acquisition,3,5.6
156,REST APIs,2,1.0
156,JavaScript / React,5,1.4
156,Git Version Control,4,1.0
157,Conflict Resolution,4,6.0
157,Employee Onboarding,4,6.4
157,HRIS Management,5,6.3
157,HR Policies & Compliance,4,5.0
157,Payroll Coordination,3,2.8
158,SEO & Keyword Strategy,4,3.8
158,Brand Storytelling,2,4.4
158,Content Marketing,4,4.6
158,Copywriting & Editing,3,3.7
158,Social Media Management,3,4.5
159,Scripting (Python/Bash),3,5.2
159,Incident Management,3,5.0
159,Cloud Monitoring,4,6.6
159,Customer Communication,3,4.1
159,L2/L3 Technical Troubleshooting,4,8.9
160,Market Analysis,3,13.4
160,CRM Management,3,10.7
160,Client Negotiation,3,8.9
160,Pipeline Forecasting,2,9.0
161,Technical Support,3,0.8
161,Hardware Diagnostics,3,0.8
162,QuickBooks / SAP,2,2.7
162,Reconciliation,3,1.3
162,General Ledger,5,3.1
162,Financial Statements,5,2.3
163,Talent Acquisition,4,3.3
163,Conflict Resolution,4,5.7
163,HRIS Management,3,6.4
164,Succession Planning,3,3.8
164,HR Strategy,4,2.4
164,Executive Leadership,3,3.9
164,Budgeting,3,3.7
165,Bug Lifecycle Management,3,8.6
165,API Testing (Postman),2,11.2
165,Selenium / Playwright,4,5.0
165,QA Testing,4,8.7
165,CI/CD Quality Gates,2,13.2
166,Test Automation,3,1.5
166,QA Testing,3,1.2
166,Bug Lifecycle Management,3,1.3
167,Executive Leadership,2,0.9
167,HR Strategy,4,1.4
167,Budgeting,3,1.5
167,Employee Engagement,3,1.0
167,Labor Law & Compliance,5,1.3
168,Talent Acquisition,4,3.4
168,Conflict Resolution,4,2.5
168,HRIS Management,4,3.1
168,Employee Onboarding,4,4.5
168,Payroll Coordination,3,4.5
168,HR Policies & Compliance,2,1.5
169,Database Querying (SQL),4,7.6
169,Log Analysis,4,6.7
169,L2/L3 Technical Troubleshooting,2,5.9
169,Incident Management,2,5.4
169,Scripting (Python/Bash),3,3.4
170,Strategic Account Planning,4,2.4
170,Upselling & Cross-selling,2,3.0
170,Contract Negotiation,4,3.6
170,Key Account Management,2,1.7
171,Technical SEO Auditing,3,5.7
171,Content Strategy,4,11.5
171,Search Engine Optimization,4,6.7
172,HR Strategy,4,7.4
172,Labor Law & Compliance,3,5.3
172,Succession Planning,3,5.7
172,Organizational Development,4,4.5
172,Executive Leadership,5,8.8
173,Customer Communication,3,5.4
173,Scripting (Python/Bash),4,9.5
173,Cloud Monitoring,4,10.9
173,Incident Management,4,7.5
173,L2/L3 Technical Troubleshooting,3,11.2
174,SEO & Keyword Strategy,5,7.2
174,Content Strategy,3,11.2
174,Analytics & Reporting,4,4.8
174,Content Marketing,2,8.3
175,Google Analytics / Search Console,4,1.7
175,Technical SEO Auditing,3,1.2
175,Competitor SEO Analysis,4,1.8
176,SLA Management,3,3.0
176,Active Directory,4,4.9
176,Network Basics,4,7.3
176,Hardware Diagnostics,3,6.2
177,ServiceNow / ITSM,5,0.8
177,Hardware Diagnostics,4,1.8
177,Technical Support,2,1.4
178,Customer Success,3,9.1
178,Client Retention,3,12.0
179,Content Strategy,2,5.2
179,Keyword Research,5,5.5
179,Google Analytics / Search Console,4,4.4
179,Technical SEO Auditing,4,6.9
180,Hardware Diagnostics,3,6.4
180,Technical Support,2,6.7
180,SLA Management,4,8.6
181,SLA Management,4,1.3
181,Customer Troubleshooting,4,3.1
182,Scripting (Python/Bash),4,6.4
182,Log Analysis,2,7.7
182,Customer Communication,4,9.8
182,L2/L3 Technical Troubleshooting,3,6.8
183,Contract Negotiation,3,3.1
183,Customer Success,4,6.2
183,Upselling & Cross-selling,4,3.1
183,Client Retention,4,5.5
184,Financial Auditing,4,3.7
184,Internal Controls,3,3.4
184,Risk Assessment,4,6.3
185,B2B Sales,4,1.7
185,CRM Management,4,1.7
185,Pipeline Forecasting,2,1.2
185,Client Negotiation,3,1.3
186,Python,4,4.7
186,JavaScript / React,3,9.4
186,Docker,3,4.7
186,Git Version Control,2,3.4
186,Microservices Architecture,4,8.1
186,REST APIs,3,7.9
187,Customer Communication,3,3.1
187,L2/L3 Technical Troubleshooting,5,3.0
187,Scripting (Python/Bash),4,2.6
187,Database Querying (SQL),4,3.1
187,Incident Management,3,2.5
187,Log Analysis,4,1.3
188,Log Analysis,3,9.8
188,Incident Management,3,6.6
188,L2/L3 Technical Troubleshooting,3,11.9
188,Customer Communication,5,4.6
189,Financial Statements,4,2.1
189,Tax Preparation,4,1.8
189,General Ledger,4,2.1
189,Reconciliation,4,1.8
190,Risk Assessment,4,4.2
190,Excel & Financial Modeling,5,5.8
190,Tax Compliance,3,5.8
191,Payroll Coordination,4,2.5
191,HR Policies & Compliance,4,1.3
191,Performance Management,3,1.4
192,Python / Go,3,2.1
192,Systems Architecture,4,2.0
192,Docker & Kubernetes,4,4.6
192,Monitoring & Logging,3,4.8
192,Cloud Infrastructure (AWS/GCP),4,3.5
193,Incident Management,2,5.3
193,Database Querying (SQL),3,2.9
193,Log Analysis,3,2.6
193,Scripting (Python/Bash),2,4.4
194,Risk Assessment,4,11.1
194,Accounting,3,7.3
194,Tax Compliance,5,11.0
194,Internal Controls,5,10.5
194,Excel & Financial Modeling,3,9.2
195,Hardware Diagnostics,3,5.4
195,Technical Support,3,4.1
195,Network Basics,5,5.4
195,SLA Management,3,5.1
196,Budgeting,2,10.2
196,Organizational Development,3,4.9
196,Labor Law & Compliance,4,6.6
197,HRIS Management,4,2.8
197,Employee Onboarding,4,2.4
197,Payroll Coordination,3,3.0
197,Performance Management,3,4.2
197,Talent Acquisition,2,3.8
198,Reconciliation,4,6.9
198,General Ledger,5,3.6
198,Accounts Payable / Receivable,4,8.0
198,Payroll Management,4,4.5
199,API Testing (Postman),4,3.9
199,Bug Lifecycle Management,4,4.8
199,Performance Testing (JMeter),2,3.9
199,QA Testing,5,6.5
200,CI/CD Pipelines,3,2.0
200,Python / Go,4,2.0
200,Cloud Infrastructure (AWS/GCP),4,2.2
201,Tax Preparation,5,6.9
201,General Ledger,4,6.8
201,Payroll Management,3,5.5
201,Reconciliation,4,3.6
201,Financial Statements,3,4.7
202,Reconciliation,3,5.4
202,Accounts Payable / Receivable,4,7.2
202,Tax Preparation,3,5.1
203,Competitor SEO Analysis,5,1.3
203,Link Building,2,0.7
203,Content Strategy,5,1.0
204,HR Policies & Compliance,3,3.2
204,Talent Acquisition,3,3.5
204,HRIS Management,4,3.1
204,Performance Management,3,1.5
205,Content Strategy,4,4.2
205,Social Media Management,3,1.9
205,Copywriting & Editing,4,2.7
206,B2B Sales,4,5.4
206,CRM Management,4,4.5
206,Relationship Management,4,3.2
206,Pipeline Forecasting,4,7.4
207,Customer Troubleshooting,3,1.5
207,SLA Management,2,0.8
207,Network Basics,4,1.5
207,Active Directory,2,0.9
208,L2/L3 Technical Troubleshooting,4,3.9
208,Incident Management,3,3.0
208,Scripting (Python/Bash),4,3.2
209,Contract Negotiation,4,1.2
209,Strategic Account Planning,2,1.0
209,Key Account Management,5,1.3
209,Client Retention,4,0.9
210,Relationship Management,4,9.6
210,Pipeline Forecasting,3,7.5
210,Market Analysis,3,9.2
210,B2B Sales,3,7.2
210,Client Negotiation,4,7.9
211,Financial Auditing,4,3.8
211,Accounting,4,3.2
211,Regulatory Reporting,3,2.8
211,Internal Controls,2,2.9
212,Customer Success,3,6.7
212,Strategic Account Planning,4,9.3
212,Key Account Management,3,7.7
212,Client Retention,4,11.6
213,Relationship Management,5,5.8
213,CRM Management,3,3.7
213,Lead Generation,4,4.2
213,B2B Sales,3,5.7
213,Client Negotiation,4,5.6
213,Market Analysis,4,5.2
214,Key Account Management,3,3.0
214,Upselling & Cross-selling,3,2.4
215,Labor Law & Compliance,3,6.7
215,Succession Planning,3,4.1
215,Organizational Development,3,3.5
215,Executive Leadership,4,5.3
216,Google Analytics / Search Console,3,1.9
216,Competitor SEO Analysis,4,2.2
216,Link Building,3,1.8
217,Cloud Infrastructure (AWS/GCP),3,13.3
217,CI/CD Pipelines,4,5.5
217,Linux Administration,4,10.6
217,Docker & Kubernetes,4,13.1
217,Systems Architecture,4,10.0
218,Python,4,2.2
218,Docker,4,2.3
218,JavaScript / React,3,2.5
218,SQL & Database Design,3,1.1
219,Excel & Financial Modeling,2,1.1
219,Tax Compliance,4,0.6
219,Regulatory Reporting,3,0.8
219,Internal Controls,2,1.2
220,Customer Communication,4,1.8
220,Database Querying (SQL),3,1.7
220,Log Analysis,2,1.1
220,Cloud Monitoring,2,1.5
220,Scripting (Python/Bash),4,1.4
221,B2B Sales,4,7.7
221,Pipeline Forecasting,2,10.2
222,SEO & Keyword Strategy,4,3.7
222,Content Marketing,3,4.2
222,Brand Storytelling,4,4.5
223,Performance Management,4,6.2
223,Payroll Coordination,4,5.8
223,HR Policies & Compliance,4,3.5
223,HRIS Management,3,6.6
223,Talent Acquisition,3,3.8
224,Client Retention,4,9.1
224,Key Account Management,3,7.9
224,Upselling & Cross-selling,3,12.3
225,Pipeline Forecasting,4,7.2
225,Lead Generation,3,4.2
225,B2B Sales,4,7.1
225,Client Negotiation,2,6.9
226,Risk Assessment,3,3.5
226,Excel & Financial Modeling,3,3.3
226,Accounting,4,4.8
226,Regulatory Reporting,4,4.9
226,Internal Controls,4,3.3
226,Financial Auditing,3,3.7
227,Network Basics,2,1.4
227,Hardware Diagnostics,5,2.0
227,SLA Management,4,3.1
227,Technical Support,4,3.6
227,ServiceNow / ITSM,3,1.3
228,L2/L3 Technical Troubleshooting,3,1.4
228,Incident Management,3,0.6
229,HR Strategy,3,3.2
229,Organizational Development,3,2.0
229,Succession Planning,4,4.4
229,Budgeting,4,2.3
229,Executive Leadership,4,3.9
230,Financial Auditing,5,6.2
230,Regulatory Reporting,4,6.6
230,Excel & Financial Modeling,4,3.0
230,Accounting,3,6.3
231,Financial Statements,4,7.6
231,Payroll Management,3,4.3
231,General Ledger,4,7.3
231,Accounts Payable / Receivable,3,8.0
231,Reconciliation,3,7.7
231,Tax Preparation,4,4.4
232,HR Strategy,4,7.8
232,Organizational Development,4,8.2
232,Executive Leadership,2,8.9
232,Employee Engagement,2,7.9
232,Labor Law & Compliance,4,4.1
233,JavaScript / React,4,2.5
233,SQL & Database Design,4,2.8
233,Python,4,5.4
233,Git Version Control,2,5.0
234,Financial Statements,5,10.3
234,General Ledger,4,11.2
234,Accounts Payable / Receivable,2,6.9
234,Payroll Management,2,5.5
235,Payroll Coordination,4,12.3
235,Talent Acquisition,3,6.5
235,HR Policies & Compliance,4,6.9
236,Financial Statements,2,4.7
236,Accounts Payable / Receivable,4,4.3
236,QuickBooks / SAP,3,9.0
237,Key Account Management,4,0.8
237,Upselling & Cross-selling,4,0.9
237,Customer Success,3,0.7
237,Contract Negotiation,3,1.0
238,Customer Communication,3,0.7
238,Scripting (Python/Bash),3,1.3
238,L2/L3 Technical Troubleshooting,4,1.7
238,Cloud Monitoring,2,1.2
238,Incident Management,3,1.4
239,Internal Controls,3,2.3
239,Regulatory Reporting,3,1.3
239,Excel & Financial Modeling,5,1.2
239,Tax Compliance,4,1.9
239,Financial Auditing,3,2.1
240,Microservices Architecture,3,2.0
240,Git Version Control,4,2.4
240,JavaScript / React,5,4.4
240,Python,4,1.9
241,Customer Troubleshooting,4,4.1
241,Network Basics,4,4.3
241,SLA Management,3,8.2
241,Active Directory,3,4.6
242,Copywriting & Editing,2,7.1
242,Analytics & Reporting,5,3.9
242,SEO & Keyword Strategy,3,5.1
242,Content Marketing,3,10.1
242,Content Strategy,3,7.0
243,Database Querying (SQL),4,7.6
243,Scripting (Python/Bash),4,9.9
243,Customer Communication,2,8.9
243,Incident Management,3,9.1
244,ServiceNow / ITSM,5,1.6
244,Customer Troubleshooting,4,0.9
244,Active Directory,3,1.2
245,Lead Generation,3,2.7
245,Client Negotiation,4,5.5
245,Relationship Management,3,5.1
246,Tax Preparation,2,2.8
246,Reconciliation,3,2.9
246,Accounts Payable / Receivable,3,2.9
246,General Ledger,2,4.1
246,QuickBooks / SAP,4,4.2
246,Financial Statements,3,2.9
247,Linux Administration,2,9.5
247,Python / Go,4,8.8
247,Monitoring & Logging,5,6.3
247,CI/CD Pipelines,3,4.5
248,Monitoring & Logging,3,5.3
248,CI/CD Pipelines,4,5.6
248,Python / Go,3,6.8
248,Docker & Kubernetes,5,5.0
249,HRIS Management,2,4.0
249,Talent Acquisition,3,9.1
249,Employee Onboarding,3,7.0
250,REST APIs,3,3.3
250,Git Version Control,4,2.2
250,SQL & Database Design,4,3.7
250,JavaScript / React,3,3.6
250,Microservices Architecture,3,3.9
251,Financial Statements,4,9.4
251,Reconciliation,4,7.0
251,Tax Preparation,4,9.2
252,SLA Management,4,2.3
252,Customer Troubleshooting,3,3.6
253,Search Engine Optimization,4,4.5
253,Google Analytics / Search Console,4,2.7
254,Systems Architecture,2,6.8
254,Docker & Kubernetes,3,9.8
255,CRM Management,3,5.7
255,Market Analysis,4,5.5
255,Pipeline Forecasting,3,3.9
255,Relationship Management,3,6.5
255,B2B Sales,4,4.8
256,Succession Planning,5,5.6
256,Executive Leadership,5,10.7
256,Budgeting,4,4.8
256,Employee Engagement,3,8.2
256,HR Strategy,3,10.4
257,Financial Statements,4,2.1
257,General Ledger,3,3.8
257,Payroll Management,3,4.8
257,Reconciliation,4,4.0
257,Accounts Payable / Receivable,3,2.7
258,Payroll Coordination,3,5.7
258,Talent Acquisition,2,7.6
258,HR Policies & Compliance,3,3.9
258,HRIS Management,4,6.5
259,Excel & Financial Modeling,3,2.6
259,Tax Compliance,3,2.4
259,Risk Assessment,2,2.4
259,Financial Auditing,2,3.8
259,Internal Controls,3,2.8
259,Accounting,4,3.5
260,HR Strategy,3,3.4
260,Succession Planning,3,3.3
260,Organizational Development,4,3.2
260,Labor Law & Compliance,4,2.9
260,Employee Engagement,3,1.8
261,Content Strategy,4,1.7
261,Competitor SEO Analysis,4,2.7
261,Google Analytics / Search Console,3,1.7
261,Technical SEO Auditing,3,1.4
261,Search Engine Optimization,3,1.0
262,Test Automation,4,1.1
262,Bug Lifecycle Management,4,1.5
262,Selenium / Playwright,4,1.0
262,API Testing (Postman),4,0.7
263,Docker & Kubernetes,3,3.2
263,Linux Administration,3,3.3
263,Cloud Infrastructure (AWS/GCP),2,6.0
264,Excel & Financial Modeling,4,5.3
264,Accounting,2,7.2
265,Talent Acquisition,5,4.7
265,Employee Onboarding,4,3.0
265,HRIS Management,3,7.2
265,Conflict Resolution,4,3.9
266,Social Media Management,3,3.5
266,Copywriting & Editing,4,5.8
266,Content Strategy,4,5.2
266,SEO & Keyword Strategy,3,5.0
266,Content Marketing,4,3.0
266,Analytics & Reporting,3,3.3
267,Database Querying (SQL),4,7.8
267,L2/L3 Technical Troubleshooting,3,9.4
267,Scripting (Python/Bash),3,10.6
267,Cloud Monitoring,3,6.0
267,Log Analysis,3,4.5
268,Content Marketing,2,1.4
268,SEO & Keyword Strategy,4,0.7
268,Copywriting & Editing,2,1.8
268,Social Media Management,2,1.1
268,Brand Storytelling,4,0.7
269,HRIS Management,4,2.2
269,Employee Onboarding,3,2.0
269,Talent Acquisition,4,3.2
269,Performance Management,3,3.4
269,HR Policies & Compliance,4,3.2
270,Performance Management,3,5.5
270,Payroll Coordination,4,6.2
271,Payroll Management,3,3.5
271,Tax Preparation,4,3.3
271,General Ledger,4,3.2
272,Analytics & Reporting,4,4.1
272,SEO & Keyword Strategy,3,4.1
272,Content Strategy,3,2.2
272,Social Media Management,4,2.2
272,Brand Storytelling,5,2.5
273,Upselling & Cross-selling,4,4.1
273,Contract Negotiation,4,4.9
274,API Testing (Postman),4,4.0
274,Bug Lifecycle Management,2,5.2
274,Test Automation,4,8.0
274,CI/CD Quality Gates,3,7.8
274,Selenium / Playwright,4,3.9
275,Budgeting,3,1.8
275,Labor Law & Compliance,3,2.6
275,Executive Leadership,4,4.1
275,Succession Planning,4,1.9
275,Organizational Development,4,3.0
275,Employee Engagement,4,3.8
276,Python / Go,4,4.1
276,CI/CD Pipelines,3,2.9
276,Monitoring & Logging,4,1.8
277,Customer Success,4,5.3
277,Key Account Management,4,7.9
278,Market Analysis,3,1.8
278,Client Negotiation,3,1.2
278,CRM Management,4,1.8
279,Upselling & Cross-selling,4,4.9
279,Contract Negotiation,3,6.8
279,Client Retention,3,6.5
280,Regulatory Reporting,4,2.1
280,Accounting,4,1.5
280,Internal Controls,3,2.3
280,Financial Auditing,3,1.3
280,Excel & Financial Modeling,4,1.8
281,Strategic Account Planning,3,4.6
281,Customer Success,4,3.1
281,Upselling & Cross-selling,4,5.5
282,Reconciliation,4,9.7
282,Accounts Payable / Receivable,4,7.8
282,QuickBooks / SAP,4,8.7
282,Financial Statements,3,10.8
282,General Ledger,4,7.7
283,Organizational Development,3,9.8
283,Labor Law & Compliance,3,7.1
283,Executive Leadership,5,5.9
283,Succession Planning,3,8.5
283,HR Strategy,5,6.8
284,Network Basics,3,11.2
284,Customer Troubleshooting,4,7.4
284,Active Directory,5,3.9
284,Technical Support,4,8.7
285,Hardware Diagnostics,3,6.9
285,ServiceNow / ITSM,4,5.5
285,Network Basics,4,7.2
285,SLA Management,3,10.6
286,Lead Generation,3,5.0
286,CRM Management,3,6.8
286,Relationship Management,4,7.2
286,Market Analysis,3,4.4
286,Client Negotiation,4,7.0
287,Git Version Control,4,1.4
287,Python,3,2.7
287,REST APIs,4,3.1
287,SQL & Database Design,3,3.5
288,Keyword Research,4,11.3
288,Technical SEO Auditing,2,11.6
288,Competitor SEO Analysis,2,10.3
288,Google Analytics / Search Console,3,4.9
289,Content Strategy,3,4.3
289,Analytics & Reporting,3,3.3
289,Brand Storytelling,4,8.0
289,Content Marketing,4,5.1
290,Relationship Management,3,2.6
290,Pipeline Forecasting,4,2.0
290,Lead Generation,3,2.0
290,CRM Management,4,1.2
290,B2B Sales,2,2.0
291,Docker,3,3.4
291,Python,3,2.6
291,SQL & Database Design,3,4.9
292,Client Negotiation,4,5.5
292,Market Analysis,5,3.8
292,Lead Generation,3,3.3
292,B2B Sales,5,6.9
292,CRM Management,4,7.6
293,Succession Planning,4,6.0
293,Labor Law & Compliance,4,3.2
293,Organizational Development,2,5.7
294,Executive Leadership,3,2.5
294,HR Strategy,3,3.2
294,Organizational Development,2,7.0
295,ServiceNow / ITSM,3,1.6
295,Customer Troubleshooting,4,1.3
295,Hardware Diagnostics,3,1.7
296,Incident Management,4,6.4
296,Log Analysis,3,4.3
296,L2/L3 Technical Troubleshooting,3,7.1
296,Cloud Monitoring,3,6.2
297,SLA Management,4,4.7
297,Customer Troubleshooting,4,5.4
297,Network Basics,3,8.8
297,Hardware Diagnostics,3,8.6
298,Strategic Account Planning,3,5.1
298,Upselling & Cross-selling,3,7.4
299,Employee Engagement,3,4.3
299,Succession Planning,2,8.0
299,Labor Law & Compliance,3,5.8
299,Budgeting,2,7.2
299,Organizational Development,3,7.5
299,HR Strategy,3,4.2
300,Accounts Payable / Receivable,4,3.8
300,Financial Statements,2,4.8
300,General Ledger,3,5.9
300,Reconciliation,2,5.2
301,Copywriting & Editing,4,2.5
301,SEO & Keyword Strategy,2,4.9
301,Analytics & Reporting,4,5.0
301,Social Media Management,4,4.7
302,Tax Compliance,3,1.8
302,Internal Controls,3,2.5
302,Excel & Financial Modeling,4,2.2
302,Regulatory Reporting,4,1.4
302,Risk Assessment,2,1.6
303,Customer Success,3,3.3
303,Strategic Account Planning,3,1.9
303,Upselling & Cross-selling,3,2.0
304,CRM Management,5,4.4
304,Lead Generation,3,5.0
304,Pipeline Forecasting,2,2.6
304,B2B Sales,4,2.7
304,Market Analysis,3,2.3
305,Git Version Control,4,2.6
305,Microservices Architecture,4,2.3
305,REST APIs,2,1.6
305,Docker,3,2.5
305,Python,3,1.2
306,Linux Administration,4,5.8
306,Monitoring & Logging,3,8.2
306,Docker & Kubernetes,4,5.3
307,Financial Auditing,4,6.1
307,Internal Controls,5,7.9
307,Risk Assessment,3,5.1
308,Budgeting,5,6.6
308,Organizational Development,4,3.7
308,HR Strategy,5,2.9
309,Python,3,7.8
309,Git Version Control,4,3.8
310,Organizational Development,4,13.4
310,HR Strategy,4,5.2
310,Executive Leadership,4,10.1
310,Succession Planning,4,7.3
310,Employee Engagement,4,13.1
311,Performance Management,3,9.1
311,Conflict Resolution,3,8.2
311,HRIS Management,4,12.4
312,SLA Management,3,11.6
312,Customer Troubleshooting,2,12.3
312,ServiceNow / ITSM,4,9.5
312,Active Directory,3,6.3
312,Hardware Diagnostics,5,6.7
313,Database Querying (SQL),3,6.2
313,Log Analysis,3,7.3
313,Customer Communication,3,9.9
314,Employee Engagement,4,1.9
314,Organizational Development,3,1.6
314,Succession Planning,4,2.5
315,Lead Generation,4,7.3
315,Market Analysis,4,6.8
315,CRM Management,2,7.9
316,Payroll Management,3,11.1
316,QuickBooks / SAP,4,10.4
316,Reconciliation,4,10.3
316,Tax Preparation,3,10.1
316,Accounts Payable / Receivable,3,6.2
317,Client Retention,3,2.3
317,Contract Negotiation,3,2.3
317,Strategic Account Planning,3,5.5
317,Upselling & Cross-selling,3,4.0
318,Key Account Management,3,1.8
318,Client Retention,3,1.8
318,Contract Negotiation,4,0.9
318,Customer Success,4,1.8
319,Talent Acquisition,3,9.6
319,Performance Management,2,5.8
320,Content Strategy,3,8.3
320,Google Analytics / Search Console,5,6.0
320,Technical SEO Auditing,3,3.6
321,Google Analytics / Search Console,3,2.8
321,Competitor SEO Analysis,4,2.9
321,Content Strategy,4,3.3
322,QA Testing,3,8.0
322,Performance Testing (JMeter),4,3.1
322,CI/CD Quality Gates,4,8.9
322,Selenium / Playwright,4,6.0
322,Bug Lifecycle Management,4,8.7
323,Content Marketing,4,3.5
323,SEO & Keyword Strategy,3,3.5
323,Brand Storytelling,3,2.7
323,Content Strategy,4,2.2
324,Selenium / Playwright,4,4.2
324,CI/CD Quality Gates,4,4.2
324,Performance Testing (JMeter),4,4.1
324,Test Automation,3,5.3
324,Bug Lifecycle Management,4,4.8
324,API Testing (Postman),3,4.3
325,Linux Administration,4,6.2
325,Monitoring & Logging,3,7.9
325,Cloud Infrastructure (AWS/GCP),4,6.4
325,Python / Go,3,5.0
325,Docker & Kubernetes,3,5.8
326,Content Marketing,3,2.3
326,Copywriting & Editing,3,1.1
326,Content Strategy,4,1.5
326,Brand Storytelling,4,0.9
326,SEO & Keyword Strategy,4,1.5
327,Relationship Management,4,5.7
327,CRM Management,4,7.0
327,Client Negotiation,3,10.2
328,QuickBooks / SAP,4,2.5
328,Reconciliation,4,1.7
328,Tax Preparation,3,3.4
328,General Ledger,3,2.1
329,Executive Leadership,3,5.2
329,Budgeting,4,4.2
329,Organizational Development,3,8.6
329,HR Strategy,3,8.1
329,Employee Engagement,4,5.0
329,Labor Law & Compliance,5,7.6
330,SQL & Database Design,5,10.8
330,Git Version Control,4,7.0
330,JavaScript / React,4,4.5
331,Client Retention,3,3.4
331,Upselling & Cross-selling,3,3.7
332,Relationship Management,5,3.6
332,Market Analysis,5,2.8
332,CRM Management,3,4.2
333,Budgeting,5,3.1
333,Labor Law & Compliance,4,5.6
333,Organizational Development,4,2.7
334,Key Account Management,5,1.8
334,Client Retention,3,1.2
334,Upselling & Cross-selling,3,2.4
334,Strategic Account Planning,4,1.5
335,Customer Communication,3,6.4
335,Log Analysis,3,7.2
335,L2/L3 Technical Troubleshooting,4,7.0
335,Scripting (Python/Bash),3,3.5
336,Conflict Resolution,3,4.6
336,Performance Management,4,4.2
336,Payroll Coordination,2,6.2
336,HRIS Management,4,3.6
336,Employee Onboarding,4,7.9
337,Keyword Research,4,4.1
337,Technical SEO Auditing,3,8.1
337,Search Engine Optimization,3,5.5
338,Content Strategy,3,4.7
338,Link Building,3,2.1
338,Search Engine Optimization,3,4.2
339,Analytics & Reporting,3,2.9
339,Content Strategy,4,3.3
339,SEO & Keyword Strategy,3,3.2
339,Content Marketing,2,1.3
340,SEO & Keyword Strategy,3,7.2
340,Brand Storytelling,2,4.7
340,Copywriting & Editing,4,5.8
341,Internal Controls,3,1.1
341,Excel & Financial Modeling,3,1.5
341,Tax Compliance,4,1.7
341,Risk Assessment,3,0.7
341,Accounting,3,1.3
342,Test Automation,4,7.0
342,CI/CD Quality Gates,5,6.6
342,Selenium / Playwright,4,5.8
342,QA Testing,3,5.4
342,API Testing (Postman),3,4.7
343,HR Policies & Compliance,4,1.6
343,Performance Management,2,2.0
343,Payroll Coordination,3,2.4
344,Risk Assessment,4,1.2
344,Internal Controls,3,3.2
344,Excel & Financial Modeling,3,1.3
344,Accounting,4,3.1
344,Financial Auditing,3,2.5
345,QuickBooks / SAP,4,2.8
345,General Ledger,3,1.6
345,Accounts Payable / Receivable,4,2.3
346,Executive Leadership,4,3.8
346,Labor Law & Compliance,5,4.5
347,HR Policies & Compliance,3,2.7
347,Payroll Coordination,4,1.5
348,Docker,4,11.4
348,Microservices Architecture,5,6.3
348,Git Version Control,4,11.1
348,Python,2,8.0
348,SQL & Database Design,3,7.2
349,B2B Sales,3,5.0
349,Market Analysis,4,5.4
349,Pipeline Forecasting,4,5.7
349,CRM Management,4,4.4
350,Social Media Management,4,8.4
350,Content Marketing,4,4.0
350,SEO & Keyword Strategy,3,10.1
350,Brand Storytelling,2,6.1
351,Succession Planning,5,7.3
351,HR Strategy,4,7.8
351,Executive Leadership,4,5.7
351,Organizational Development,3,5.3
351,Labor Law & Compliance,5,7.2
351,Budgeting,2,8.2
352,SLA Management,2,5.6
352,Technical Support,3,3.8
352,Network Basics,4,5.6
352,ServiceNow / ITSM,4,4.7
353,Performance Testing (JMeter),2,2.6
353,Selenium / Playwright,4,1.5
353,QA Testing,3,2.5
353,CI/CD Quality Gates,2,2.9
353,API Testing (Postman),3,2.6
354,Hardware Diagnostics,2,3.8
354,ServiceNow / ITSM,3,2.9
354,Active Directory,4,2.8
355,Key Account Management,5,3.9
355,Client Retention,3,4.3
355,Upselling & Cross-selling,2,4.3
355,Strategic Account Planning,2,3.1
356,API Testing (Postman),4,7.2
356,Selenium / Playwright,4,5.9
356,Test Automation,3,8.1
356,Bug Lifecycle Management,3,3.7
357,Employee Onboarding,4,6.8
357,Payroll Coordination,5,7.1
357,HRIS Management,4,6.7
357,Talent Acquisition,5,7.7
357,Conflict Resolution,2,6.2
358,Monitoring & Logging,3,5.6
358,Linux Administration,5,11.4
358,Systems Architecture,3,9.3
359,HRIS Management,4,9.5
359,Conflict Resolution,2,10.0
359,Performance Management,2,5.3
359,HR Policies & Compliance,2,6.0
359,Talent Acquisition,4,9.3
360,Employee Engagement,3,1.2
360,Budgeting,4,2.4
360,Succession Planning,2,2.2
361,Search Engine Optimization,3,3.8
361,Technical SEO Auditing,4,3.1
361,Content Strategy,5,6.1
362,ServiceNow / ITSM,3,3.7
362,SLA Management,3,3.5
362,Customer Troubleshooting,3,6.3
362,Network Basics,3,6.0
362,Active Directory,2,7.0
363,ServiceNow / ITSM,3,1.5
363,Network Basics,4,2.6
363,Technical Support,3,1.5
363,Customer Troubleshooting,3,4.5
363,Hardware Diagnostics,3,2.7
364,Bug Lifecycle Management,3,6.6
364,QA Testing,4,8.1
364,API Testing (Postman),3,6.2
364,Performance Testing (JMeter),3,5.6
365,Client Negotiation,4,5.3
365,B2B Sales,2,5.9
365,Relationship Management,3,7.2
366,Customer Troubleshooting,4,7.2
366,Active Directory,4,3.5
366,Network Basics,3,6.6
366,Hardware Diagnostics,3,3.1
366,Technical Support,4,6.3
367,QuickBooks / SAP,4,4.2
367,Accounts Payable / Receivable,3,8.6
367,Reconciliation,4,5.7
367,Tax Preparation,4,10.2
368,SQL & Database Design,3,2.9
368,Docker,3,4.3
368,Microservices Architecture,4,3.6
368,REST APIs,3,3.8
369,Customer Success,4,1.7
369,Upselling & Cross-selling,4,1.0
370,HRIS Management,3,0.7
370,Talent Acquisition,3,1.7
370,Conflict Resolution,4,1.2
370,HR Policies & Compliance,3,1.4
371,Tax Preparation,3,1.5
371,QuickBooks / SAP,3,2.1
371,Reconciliation,5,2.7
371,General Ledger,4,2.9
372,SQL & Database Design,4,6.0
372,Python,4,8.1
372,Docker,2,3.9
373,Internal Controls,3,10.4
373,Regulatory Reporting,5,12.7
374,Accounts Payable / Receivable,4,5.2
374,QuickBooks / SAP,4,7.8
374,Reconciliation,3,4.8
374,General Ledger,5,4.5
375,Keyword Research,4,3.3
375,Content Strategy,2,3.5
375,Search Engine Optimization,4,8.0
375,Competitor SEO Analysis,5,5.4
375,Technical SEO Auditing,4,6.7
376,Linux Administration,3,6.3
376,Cloud Infrastructure (AWS/GCP),4,4.4
376,Docker & Kubernetes,4,8.5
377,CRM Management,3,0.8
377,Pipeline Forecasting,3,0.7
377,Relationship Management,4,1.6
377,Lead Generation,2,0.7
378,Lead Generation,3,6.4
378,Client Negotiation,4,10.2
378,Market Analysis,4,11.7
379,Customer Communication,2,7.9
379,Incident Management,3,6.5
379,Database Querying (SQL),4,6.4
379,Cloud Monitoring,4,4.5
379,Scripting (Python/Bash),4,10.2
380,Google Analytics / Search Console,2,12.2
380,Competitor SEO Analysis,3,10.8
380,Keyword Research,4,6.0
380,Content Strategy,4,4.6
380,Link Building,3,4.3
380,Search Engine Optimization,5,12.4
381,API Testing (Postman),4,5.3
381,Bug Lifecycle Management,3,6.0
381,CI/CD Quality Gates,5,5.2
381,Selenium / Playwright,3,5.6
381,QA Testing,4,5.0
382,Customer Communication,5,4.0
382,Scripting (Python/Bash),5,4.9
382,Incident Management,3,2.9
382,Database Querying (SQL),3,2.5
382,L2/L3 Technical Troubleshooting,3,2.5
383,Cloud Infrastructure (AWS/GCP),4,0.7
383,Monitoring & Logging,3,0.8
383,Systems Architecture,3,1.0
384,CRM Management,4,1.5
384,Market Analysis,3,2.0
385,Organizational Development,4,7.6
385,HR Strategy,3,6.1
385,Budgeting,3,5.1
386,Market Analysis,4,6.3
386,Relationship Management,2,6.5
386,Pipeline Forecasting,5,9.5
386,Lead Generation,4,6.4
386,B2B Sales,4,4.4
386,CRM Management,3,9.5
387,Key Account Management,3,2.3
387,Contract Negotiation,4,5.9
387,Customer Success,3,2.1
388,SEO & Keyword Strategy,5,11.4
388,Content Marketing,3,6.2
388,Social Media Management,3,6.0
389,Incident Management,3,6.2
389,Cloud Monitoring,4,3.3
389,L2/L3 Technical Troubleshooting,2,2.3
390,Upselling & Cross-selling,2,3.3
390,Contract Negotiation,5,2.6
390,Key Account Management,4,3.0
390,Strategic Account Planning,3,3.2
390,Client Retention,3,1.6
391,SEO & Keyword Strategy,4,8.1
391,Analytics & Reporting,3,4.6
391,Content Marketing,2,3.7
391,Social Media Management,4,5.3
392,CI/CD Quality Gates,3,1.5
392,API Testing (Postman),3,0.6
392,Bug Lifecycle Management,2,1.3
393,Customer Troubleshooting,4,4.4
393,SLA Management,4,6.5
394,Accounts Payable / Receivable,4,1.4
394,Tax Preparation,3,1.2
394,Reconciliation,3,1.4
394,Payroll Management,3,1.8
395,Strategic Account Planning,4,8.8
395,Upselling & Cross-selling,4,4.2
395,Contract Negotiation,3,5.4
395,Client Retention,4,6.9
396,Link Building,3,5.8
396,Competitor SEO Analysis,2,7.0
396,Technical SEO Auditing,4,10.3
396,Content Strategy,5,4.5
396,Search Engine Optimization,3,3.8
397,Linux Administration,5,7.9
397,Python / Go,3,5.3
397,Systems Architecture,5,2.7
397,Docker & Kubernetes,3,3.2
397,Cloud Infrastructure (AWS/GCP),4,2.8
398,Pipeline Forecasting,3,3.1
398,B2B Sales,2,5.8
398,Market Analysis,5,3.5
398,Relationship Management,3,2.1
399,Market Analysis,4,1.5
399,Relationship Management,3,2.3
399,Lead Generation,4,1.6
400,Financial Statements,2,5.2
400,Payroll Management,4,4.6
400,Accounts Payable / Receivable,3,4.7
400,General Ledger,4,2.8
400,QuickBooks / SAP,5,2.0
401,JavaScript / React,3,3.7
401,Python,4,10.3
401,SQL & Database Design,4,9.5
401,REST APIs,2,7.5
402,Technical SEO Auditing,3,3.2
402,Keyword Research,4,3.3
402,Content Strategy,3,2.7
403,Contract Negotiation,4,9.8
403,Strategic Account Planning,4,6.3
403,Upselling & Cross-selling,4,4.2
403,Key Account Management,4,6.9
404,REST APIs,3,8.1
404,Git Version Control,3,9.3
404,JavaScript / React,3,8.2
404,Docker,3,8.7
404,SQL & Database Design,4,4.5
405,Bug Lifecycle Management,3,8.5
405,API Testing (Postman),4,12.1
405,CI/CD Quality Gates,4,12.2
406,B2B Sales,2,1.3
406,Pipeline Forecasting,4,1.7
406,Market Analysis,4,1.7
406,CRM Management,5,1.3
406,Client Negotiation,4,1.3
407,CI/CD Quality Gates,3,7.7
407,Bug Lifecycle Management,3,5.1
407,API Testing (Postman),3,6.6
408,Scripting (Python/Bash),3,2.6
408,L2/L3 Technical Troubleshooting,3,3.0
408,Log Analysis,2,3.2
409,Budgeting,3,2.8
409,Succession Planning,3,6.9
409,HR Strategy,5,4.2
409,Employee Engagement,5,5.0
410,Content Strategy,3,3.0
410,Analytics & Reporting,5,7.8
410,SEO & Keyword Strategy,4,6.1
410,Content Marketing,3,3.9
410,Copywriting & Editing,3,5.3
411,Search Engine Optimization,3,1.6
411,Keyword Research,4,1.2
411,Competitor SEO Analysis,5,1.5
412,Cloud Monitoring,3,10.6
412,Incident Management,3,11.0
412,L2/L3 Technical Troubleshooting,4,10.6
413,Risk Assessment,3,2.3
413,Accounting,3,2.7
413,Financial Auditing,5,1.7
413,Regulatory Reporting,3,1.7
413,Tax Compliance,4,1.7
413,Internal Controls,4,3.0
414,Regulatory Reporting,3,4.8
414,Accounting,5,4.1
414,Tax Compliance,4,10.0
415,Monitoring & Logging,4,2.0
415,Systems Architecture,3,4.0
415,CI/CD Pipelines,3,1.7
416,Internal Controls,3,2.0
416,Regulatory Reporting,3,1.3
416,Accounting,3,1.5
416,Tax Compliance,3,2.0
416,Risk Assessment,4,3.1
416,Financial Auditing,3,2.1
417,Internal Controls,3,8.0
417,Accounting,4,4.8
417,Financial Auditing,4,7.6
417,Risk Assessment,4,3.6
417,Excel & Financial Modeling,3,7.3
418,Key Account Management,4,1.1
418,Contract Negotiation,3,0.8
418,Upselling & Cross-selling,2,0.7
418,Strategic Account Planning,4,1.7
418,Customer Success,3,1.0
419,Analytics & Reporting,4,1.8
419,Content Strategy,4,1.2
420,Customer Success,3,4.3
420,Contract Negotiation,2,3.1
421,Financial Auditing,4,2.7
421,Internal Controls,3,4.5
421,Excel & Financial Modeling,3,2.9
422,Content Marketing,5,4.3
422,Content Strategy,3,4.2
422,Brand Storytelling,4,3.1
423,Key Account Management,4,3.2
423,Contract Negotiation,4,2.4
424,SEO & Keyword Strategy,2,6.4
424,Brand Storytelling,4,4.6
424,Copywriting & Editing,2,5.0
425,Content Strategy,5,8.0
425,Competitor SEO Analysis,3,8.3
425,Link Building,2,5.6
426,Strategic Account Planning,4,1.7
426,Customer Success,2,1.4
426,Client Retention,5,2.0
426,Key Account Management,4,0.9
426,Upselling & Cross-selling,4,1.0
427,QuickBooks / SAP,3,2.4
427,Accounts Payable / Receivable,5,1.9
427,Tax Preparation,4,1.4
427,Payroll Management,4,2.0
427,Financial Statements,4,1.0
427,Reconciliation,5,2.0
428,Customer Success,4,4.4
428,Contract Negotiation,4,3.3
428,Strategic Account Planning,4,1.6
428,Upselling & Cross-selling,3,2.9
429,Excel & Financial Modeling,4,7.2
429,Regulatory Reporting,3,4.8
429,Risk Assessment,3,4.5
429,Tax Compliance,4,5.7
429,Accounting,4,3.4
430,CRM Management,3,12.2
430,Market Analysis,3,6.3
430,Client Negotiation,3,8.0
431,Python,3,5.6
431,Microservices Architecture,3,8.7
431,Git Version Control,4,4.6
431,Docker,4,7.3
432,Incident Management,4,2.2
432,Customer Communication,3,2.1
432,Scripting (Python/Bash),3,1.2
432,Database Querying (SQL),5,2.0
433,CRM Management,5,1.7
433,Lead Generation,4,2.2
433,Pipeline Forecasting,2,2.0
433,Market Analysis,3,2.8
434,Cloud Monitoring,4,5.5
434,L2/L3 Technical Troubleshooting,4,5.4
434,Customer Communication,4,6.0
434,Scripting (Python/Bash),4,5.4
434,Database Querying (SQL),3,4.3
434,Log Analysis,5,2.9
435,Database Querying (SQL),3,3.9
435,Cloud Monitoring,5,3.4
435,Log Analysis,3,2.8
435,Scripting (Python/Bash),3,6.9
435,Incident Management,3,3.1
436,Google Analytics / Search Console,4,2.8
436,Keyword Research,2,3.1
436,Search Engine Optimization,4,3.1
437,Performance Management,3,3.9
437,HRIS Management,3,1.7
437,Conflict Resolution,5,1.6
437,Payroll Coordination,4,2.6
437,HR Policies & Compliance,4,3.2
438,Search Engine Optimization,4,1.8
438,Content Strategy,3,1.2
438,Link Building,2,1.3
438,Technical SEO Auditing,4,0.8
438,Keyword Research,3,1.0
439,Technical SEO Auditing,4,7.9
439,Competitor SEO Analysis,3,4.4
440,CRM Management,3,1.7
440,Client Negotiation,4,0.9
440,Lead Generation,2,2.5
441,Client Negotiation,4,11.9
441,B2B Sales,4,8.4
441,CRM Management,3,7.1
441,Market Analysis,4,6.6
441,Relationship Management,3,7.2
441,Lead Generation,3,10.0
442,Customer Troubleshooting,4,6.8
442,ServiceNow / ITSM,4,5.7
442,Technical Support,4,6.8
442,Network Basics,3,4.2
443,Organizational Development,2,3.2
443,Budgeting,4,3.8
443,Succession Planning,3,5.4
444,API Testing (Postman),3,1.4
444,CI/CD Quality Gates,3,3.0
444,Bug Lifecycle Management,3,3.2
444,QA Testing,4,3.4
445,Upselling & Cross-selling,4,7.2
445,Key Account Management,4,5.5
445,Client Retention,3,10.1
446,ServiceNow / ITSM,3,9.1
446,Network Basics,4,5.5
446,Technical Support,2,10.3
446,Hardware Diagnostics,4,7.2
446,SLA Management,4,7.5
447,CRM Management,3,6.2
447,Lead Generation,4,2.9
447,B2B Sales,4,5.8
448,CI/CD Quality Gates,2,3.1
448,API Testing (Postman),4,2.7
448,Test Automation,3,3.5
448,Bug Lifecycle Management,3,3.9
448,QA Testing,4,2.7
449,Payroll Management,3,1.4
449,Reconciliation,2,0.9
449,QuickBooks / SAP,3,1.6
449,Tax Preparation,4,2.3
450,Docker,4,4.1
450,REST APIs,3,1.8
450,JavaScript / React,3,2.2
451,Active Directory,2,4.5
451,Customer Troubleshooting,2,7.9
451,Hardware Diagnostics,4,5.2
452,Incident Management,5,0.8
452,Scripting (Python/Bash),3,1.3
452,Database Querying (SQL),4,1.2
452,Customer Communication,5,1.4
453,Docker & Kubernetes,4,2.7
453,Cloud Infrastructure (AWS/GCP),3,1.4
453,Python / Go,3,1.2
453,CI/CD Pipelines,3,2.3
454,Systems Architecture,3,1.9
454,CI/CD Pipelines,4,2.3
454,Monitoring & Logging,5,1.3
455,REST APIs,5,3.1
455,Python,4,2.5
455,JavaScript / React,4,1.9
455,Docker,3,2.0
456,Social Media Management,4,2.0
456,Brand Storytelling,3,1.9
456,Copywriting & Editing,4,2.4
456,Analytics & Reporting,5,2.4
456,Content Strategy,4,1.2
456,SEO & Keyword Strategy,2,1.0
457,ServiceNow / ITSM,4,5.5
457,Active Directory,4,6.0
457,Network Basics,4,5.2
457,Customer Troubleshooting,3,2.4
458,Talent Acquisition,3,5.9
458,HR Policies & Compliance,3,7.7
458,Payroll Coordination,3,7.2
458,HRIS Management,4,8.0
458,Performance Management,4,6.7
458,Conflict Resolution,3,8.8
459,Client Retention,4,2.0
459,Key Account Management,3,1.8
459,Strategic Account Planning,4,2.7
460,Link Building,3,1.1
460,Technical SEO Auditing,3,1.3
460,Competitor SEO Analysis,5,1.2
461,Payroll Management,4,4.8
461,Reconciliation,2,5.2
461,Tax Preparation,4,12.2
462,L2/L3 Technical Troubleshooting,3,1.5
462,Customer Communication,3,3.1
462,Scripting (Python/Bash),4,2.4
462,Database Querying (SQL),4,3.3
463,Accounts Payable / Receivable,3,10.9
463,QuickBooks / SAP,2,4.4
463,Financial Statements,5,9.0
463,Reconciliation,3,9.8
463,Tax Preparation,4,8.0
464,Customer Success,3,9.7
464,Client Retention,4,9.6
464,Key Account Management,3,5.0
464,Upselling & Cross-selling,3,5.3
465,ServiceNow / ITSM,4,1.6
465,Technical Support,4,0.7
465,Hardware Diagnostics,4,1.5
466,Microservices Architecture,4,1.0
466,Docker,4,1.4
466,Git Version Control,4,1.7
466,SQL & Database Design,4,1.1
466,REST APIs,5,1.4
467,Regulatory Reporting,2,6.0
467,Risk Assessment,4,6.2
467,Excel & Financial Modeling,4,8.8
467,Financial Auditing,4,3.6
467,Tax Compliance,3,6.8
468,Employee Onboarding,3,6.4
468,HR Policies & Compliance,3,7.5
468,Payroll Coordination,3,5.2
468,HRIS Management,4,7.1
469,Financial Auditing,4,1.5
469,Excel & Financial Modeling,3,2.1
469,Regulatory Reporting,3,3.9
469,Tax Compliance,3,2.1
470,Conflict Resolution,4,6.8
470,Employee Onboarding,4,10.1
470,Talent Acquisition,3,4.8
471,Employee Engagement,3,6.5
471,Budgeting,5,7.2
472,Tax Preparation,4,3.9
472,Reconciliation,4,1.9
472,Accounts Payable / Receivable,3,4.0
472,QuickBooks / SAP,3,2.9
473,CI/CD Pipelines,5,8.0
473,Python / Go,4,10.0
473,Linux Administration,3,8.6
473,Monitoring & Logging,2,7.8
473,Systems Architecture,3,5.3
474,Risk Assessment,4,6.1
474,Excel & Financial Modeling,4,6.7
474,Tax Compliance,3,6.8
474,Accounting,3,5.3
475,Client Retention,4,2.3
475,Customer Success,2,1.9
475,Strategic Account Planning,3,3.2
476,HR Strategy,3,1.7
476,Budgeting,2,2.2
476,Executive Leadership,4,2.7
476,Labor Law & Compliance,4,4.3
476,Employee Engagement,3,2.1
476,Organizational Development,4,4.2
477,B2B Sales,4,4.8
477,Relationship Management,3,5.6
477,Market Analysis,4,11.9
477,Client Negotiation,4,8.6
477,CRM Management,4,4.2
478,Content Marketing,4,12.5
478,SEO & Keyword Strategy,4,5.2
478,Content Strategy,3,10.4
478,Social Media Management,3,7.0
479,Test Automation,4,2.7
479,Selenium / Playwright,4,3.6
479,Bug Lifecycle Management,4,1.7
479,QA Testing,4,2.9
480,Active Directory,2,8.2
480,Customer Troubleshooting,5,10.7
480,Network Basics,3,8.4
480,Technical Support,3,7.6
481,Git Version Control,3,1.7
481,Docker,3,1.5
481,SQL & Database Design,4,1.6
482,L2/L3 Technical Troubleshooting,4,2.8
482,Cloud Monitoring,5,3.8
482,Incident Management,3,4.5
483,Performance Testing (JMeter),4,2.2
483,Test Automation,3,2.2
483,CI/CD Quality Gates,2,3.8
483,API Testing (Postman),5,3.4
483,Bug Lifecycle Management,4,5.3
483,QA Testing,3,4.9
484,Pipeline Forecasting,4,2.1
484,Market Analysis,3,2.9
484,Client Negotiation,3,3.0
484,Relationship Management,5,3.1
485,Client Negotiation,3,5.5
485,B2B Sales,4,5.9
485,Pipeline Forecasting,3,5.9
485,Relationship Management,3,4.4
485,CRM Management,2,2.3
486,Relationship Management,2,2.3
486,Pipeline Forecasting,3,4.0
486,CRM Management,4,2.6
487,SQL & Database Design,4,6.8
487,REST APIs,4,9.0
487,Git Version Control,5,9.6
487,JavaScript / React,4,5.6
487,Docker,5,6.9
488,Financial Auditing,5,11.7
488,Excel & Financial Modeling,4,7.1
488,Internal Controls,3,10.5
488,Tax Compliance,2,6.8
489,Tax Preparation,3,4.5
489,Reconciliation,4,13.3
489,General Ledger,4,5.6
489,Accounts Payable / Receivable,3,12.3
490,HR Strategy,4,3.1
490,Succession Planning,2,4.5
490,Executive Leadership,4,2.9
490,Organizational Development,2,2.4
491,Contract Negotiation,3,2.3
491,Strategic Account Planning,4,3.5
491,Customer Success,3,1.3
492,Link Building,3,2.5
492,Content Strategy,4,1.7
492,Competitor SEO Analysis,4,2.4
493,QA Testing,4,4.8
493,Selenium / Playwright,3,4.8
493,Performance Testing (JMeter),3,4.0
493,API Testing (Postman),3,4.5
494,HR Strategy,4,2.8
494,Succession Planning,4,1.9
494,Employee Engagement,3,4.4
494,Labor Law & Compliance,2,2.5
495,Git Version Control,3,1.4
495,Docker,4,2.6
495,SQL & Database Design,3,2.1
495,JavaScript / React,3,2.8
495,Microservices Architecture,5,1.6
496,Microservices Architecture,4,5.8
496,JavaScript / React,3,4.2
496,Docker,4,5.0
496,REST APIs,4,6.4
497,Regulatory Reporting,4,2.8
497,Excel & Financial Modeling,3,2.5
497,Internal Controls,3,1.9
497,Financial Auditing,4,2.6
498,QuickBooks / SAP,4,2.0
498,Accounts Payable / Receivable,4,2.5
498,Payroll Management,3,2.8
499,Customer Success,3,6.2
499,Client Retention,5,3.4
499,Contract Negotiation,5,5.7
500,Copywriting & Editing,4,4.0
500,Social Media Management,4,2.6
500,SEO & Keyword Strategy,4,4.9
500,Brand Storytelling,3,4.8
500,Analytics & Reporting,4,2.5
